64, 128, 129, 130, 68, 69, 71, 135, 136, 137, 138, 75, 76, 78, 142, 144, 149, 150, 151, 89, 26, 93, 94, 36, 37, 101, 165, 40, 41, 42, 43, 108, 47, 48, 50, 51, 115, 116, 54, 55, 56, 57, 121, 58, 122, 123, 61, 62
128, 129, 130, 131, 134, 135, 136, 137, 138, 142, 15, 143, 26, 27, 29, 33, 34, 36, 40, 41, 42, 43, 47, 48, 50, 54, 55, 57, 61, 62, 64, 69, 76, 86, 88, 94, 95, 99, 102, 103, 107, 108, 109, 110, 114, 115, 116, 120, 121, 122, 123, 124, 127
128, 129, 135, 136, 142, 143, 144, 149, 150, 156, 29, 157, 158, 34, 165, 40, 41, 43, 172, 46, 47, 48, 50, 51, 53, 54, 55, 56, 57, 58, 60, 61, 62, 64, 65, 67, 68, 69, 70, 71, 74, 76, 78, 81, 82, 83, 85, 86, 89, 90, 114, 122
129, 135, 142, 143, 149, 26, 156, 29, 163, 36, 170, 43, 46, 47, 48, 50, 52, 53, 54, 55, 184, 57, 60, 61, 62, 191, 64, 66, 67, 68, 69, 70, 74, 75, 76, 205, 77, 78, 80, 81, 82, 83, 86, 87, 88, 89, 90, 92, 94, 95, 96, 97, 101, 103, 108, 114, 115, 118, 122
130, 131, 132, 137, 138, 139, 15, 145, 146, 22, 23, 153, 27, 28, 29, 30, 159, 160, 34, 36, 37, 38, 167, 41, 43, 44, 45, 173, 48, 50, 51, 52, 55, 56, 57, 58, 59, 62, 64, 65, 66, 71, 72, 73, 78, 79, 80, 81, 86, 87, 88, 93, 94, 95, 101, 102, 103, 108, 109, 114, 115, 116, 117, 123, 124
129, 136, 143, 18, 149, 150, 26, 157, 33, 36, 164, 40, 43, 46, 47, 48, 50, 51, 179, 53, 55, 57, 185, 186, 61, 62, 64, 192, 65, 67, 68, 69, 70, 71, 72, 74, 75, 76, 78, 79, 82, 83, 85, 86, 214, 88, 89, 90, 91, 92, 93, 95, 96, 97, 100, 102, 107, 108, 111, 113, 114, 121, 122
128, 129, 135, 136, 137, 138, 142, 15, 143, 144, 22, 26, 29, 157, 33, 36, 40, 41, 43, 47, 48, 49, 50, 54, 55, 57, 61, 62, 64, 68, 69, 70, 76, 85, 93, 94, 100, 102, 108, 109, 113, 114, 115, 116, 117, 121, 122, 123, 124, 127
128, 129, 5, 141, 148, 149, 155, 156, 162, 34, 163, 36, 39, 40, 41, 43, 47, 48, 53, 54, 183, 55, 56, 57, 59, 60, 61, 62, 191, 64, 66, 67, 68, 69, 198, 70, 71, 73, 74, 75, 76, 78, 81, 82, 83, 87, 88, 89, 90, 94, 95, 97, 101, 102, 107, 108, 109, 114, 115, 121, 122
129, 130, 137, 143, 144, 145, 20, 151, 152, 29, 157, 158, 36, 166, 40, 42, 43, 44, 47, 48, 50, 51, 179, 180, 54, 55, 57, 58, 187, 61, 62, 64, 65, 68, 69, 70, 71, 72, 73, 75, 76, 78, 79, 80, 82, 83, 85, 86, 87, 89, 90, 93, 94, 95, 97, 100, 101, 107, 108, 114, 115, 116, 122, 123
128, 129, 130, 135, 136, 137, 143, 144, 149, 151, 152, 156, 29, 157, 33, 34, 36, 40, 41, 42, 43, 47, 48, 49, 50, 54, 55, 57, 61, 62, 64, 68, 69, 75, 76, 82, 87, 94, 100, 102, 107, 108, 109, 114, 115, 116, 121, 122, 123, 124, 127
129, 130, 136, 137, 143, 144, 22, 151, 27, 157, 30, 158, 36, 165, 39, 40, 41, 43, 171, 172, 47, 48, 50, 51, 179, 54, 55, 57, 58, 60, 61, 62, 64, 193, 67, 68, 69, 70, 71, 72, 75, 76, 78, 79, 83, 84, 85, 86, 87, 89, 90, 92, 93, 94, 96, 100, 101, 103, 107, 108, 111, 114, 115, 122
128, 129, 136, 137, 143, 144, 29, 157, 36, 164, 37, 39, 41, 43, 172, 47, 48, 49, 50, 179, 54, 55, 57, 58, 186, 60, 61, 62, 64, 65, 193, 67, 68, 69, 71, 72, 200, 74, 75, 76, 78, 79, 207, 80, 81, 82, 83, 85, 86, 87, 88, 89, 90, 92, 94, 95, 96, 97, 98, 100, 101, 103, 104, 106, 107, 108, 110, 115, 117, 122
128, 1, 129, 2, 130, 131, 132, 135, 8, 137, 14, 15, 143, 16, 20, 22, 23, 28, 29, 36, 43, 65, 72, 82, 83, 86, 87, 88, 89, 90, 93, 95, 96, 97, 100, 101, 102, 103, 104, 107, 108, 109, 110, 111, 114, 115, 116, 117, 118, 121, 122, 123, 124, 125
129, 136, 137, 144, 151, 29, 30, 158, 34, 36, 166, 41, 43, 44, 173, 47, 50, 51, 179, 54, 55, 57, 58, 186, 59, 61, 63, 64, 65, 194, 68, 69, 70, 71, 72, 75, 76, 78, 79, 83, 85, 87, 88, 89, 90, 92, 93, 94, 95, 96, 100, 101, 107, 108, 111, 115, 122, 123
130, 131, 132, 137, 138, 144, 20, 22, 152, 153, 27, 29, 30, 159, 160, 36, 37, 167, 41, 43, 44, 45, 173, 48, 50, 51, 52, 180, 181, 56, 57, 58, 59, 188, 62, 64, 65, 66, 70, 71, 72, 76, 79, 80, 81, 82, 87, 92, 93, 94, 96, 100, 101, 102, 103, 109, 110, 111, 115, 116, 117, 123
128, 129, 130, 136, 137, 142, 143, 22, 150, 27, 156, 30, 34, 163, 36, 37, 170, 43, 44, 48, 50, 51, 54, 55, 56, 57, 61, 62, 64, 65, 68, 69, 71, 75, 76, 205, 78, 79, 80, 82, 88, 89, 90, 94, 95, 96, 98, 99, 101, 102, 103, 109, 115, 116, 117, 122, 123
130, 131, 132, 9, 137, 138, 139, 144, 145, 146, 22, 23, 152, 153, 29, 30, 34, 36, 37, 167, 43, 44, 173, 50, 51, 181, 55, 56, 57, 58, 188, 62, 64, 65, 66, 69, 70, 71, 72, 73, 76, 78, 80, 83, 85, 87, 93, 94, 95, 101, 102, 108, 109, 110, 116, 117, 123, 124, 125
130, 131, 137, 138, 145, 20, 22, 23, 151, 152, 27, 29, 30, 158, 159, 160, 34, 36, 37, 38, 166, 167, 43, 44, 174, 48, 49, 50, 51, 55, 57, 58, 187, 62, 63, 64, 65, 69, 71, 72, 73, 76, 78, 79, 80, 83, 86, 87, 88, 90, 92, 93, 94, 95, 97, 100, 101, 102, 108, 109, 110, 115, 116, 117, 122, 123, 124
129, 130, 131, 132, 135, 15, 16, 144, 146, 22, 152, 27, 29, 30, 159, 34, 36, 37, 41, 42, 43, 44, 48, 55, 56, 57, 58, 64, 69, 88, 95, 100, 101, 102, 103, 104, 107, 108, 109, 110, 111, 114, 115, 116, 117, 121, 122, 123, 124, 125
128, 129, 135, 136, 142, 149, 26, 156, 157, 33, 163, 36, 39, 40, 169, 41, 170, 43, 47, 48, 177, 50, 53, 54, 183, 55, 184, 57, 60, 61, 62, 64, 66, 67, 68, 197, 69, 71, 73, 74, 75, 76, 78, 80, 81, 82, 83, 85, 87, 88, 89, 90, 91, 92, 94, 95, 96, 97, 98, 104, 108, 114, 115, 121, 122
130, 131, 132, 138, 139, 15, 145, 146, 23, 152, 153, 29, 30, 159, 160, 36, 37, 38, 167, 43, 44, 46, 174, 50, 51, 52, 57, 58, 59, 64, 66, 71, 72, 73, 74, 77, 80, 81, 85, 86, 87, 88, 94, 95, 96, 101, 102, 104, 109, 110, 115, 116, 117, 118, 123, 124, 125, 126
130, 131, 137, 138, 144, 145, 146, 22, 151, 152, 30, 159, 34, 35, 36, 165, 167, 41, 43, 44, 173, 48, 50, 51, 180, 55, 56, 57, 58, 62, 64, 65, 66, 69, 71, 72, 73, 74, 76, 78, 79, 80, 85, 86, 87, 93, 94, 101, 102, 108, 109, 115, 116, 117, 124
64, 128, 129, 130, 131, 69, 136, 138, 142, 15, 143, 144, 145, 22, 87, 89, 153, 29, 30, 95, 96, 34, 36, 100, 37, 101, 102, 103, 41, 43, 107, 44, 109, 110, 111, 48, 50, 114, 51, 115, 116, 117, 56, 122, 123, 124, 62
128, 1, 129, 130, 131, 132, 8, 136, 9, 137, 139, 142, 15, 16, 144, 22, 23, 29, 30, 36, 43, 50, 76, 79, 80, 82, 87, 88, 90, 93, 94, 95, 97, 98, 100, 101, 102, 103, 104, 107, 108, 109, 110, 111, 114, 115, 116, 117, 118, 119, 121, 122, 123, 124, 125
129, 130, 135, 136, 142, 143, 144, 149, 22, 150, 156, 29, 157, 30, 34, 163, 36, 40, 41, 170, 43, 44, 47, 48, 51, 53, 54, 55, 57, 58, 60, 61, 62, 63, 64, 65, 68, 69, 71, 72, 75, 76, 82, 83, 85, 88, 90, 93, 94, 95, 96, 102, 103, 108, 109, 110, 115, 116, 117, 122, 123
129, 136, 142, 143, 149, 150, 23, 27, 156, 30, 34, 163, 164, 40, 41, 170, 43, 171, 44, 46, 47, 48, 177, 51, 54, 55, 184, 57, 60, 61, 62, 191, 64, 68, 69, 198, 71, 72, 74, 75, 76, 77, 78, 81, 82, 83, 84, 85, 86, 87, 88, 89, 90, 92, 95, 96, 100, 101, 103, 104, 109, 110, 115, 116, 122
128, 129, 135, 136, 143, 144, 150, 157, 33, 34, 36, 164, 39, 40, 43, 171, 44, 172, 46, 47, 48, 50, 178, 51, 54, 55, 57, 58, 60, 61, 62, 63, 64, 192, 193, 67, 68, 69, 70, 71, 72, 200, 74, 75, 76, 78, 79, 81, 82, 83, 85, 86, 88, 89, 90, 93, 94, 97, 99, 100, 102, 103, 110, 114, 115, 120, 121, 122
128, 129, 135, 136, 12, 142, 143, 149, 150, 156, 29, 157, 32, 33, 34, 163, 36, 37, 40, 170, 43, 44, 46, 47, 177, 50, 51, 54, 55, 56, 57, 60, 62, 64, 67, 68, 69, 198, 71, 72, 74, 75, 76, 78, 80, 81, 82, 83, 85, 86, 88, 89, 90, 91, 92, 95, 97, 101, 102, 103, 108, 109, 110, 111, 115, 116, 122
128, 129, 132, 136, 142, 15, 143, 16, 149, 22, 150, 156, 163, 41, 170, 43, 47, 50, 53, 54, 55, 184, 56, 57, 58, 60, 61, 62, 191, 63, 64, 65, 67, 68, 69, 198, 71, 75, 76, 205, 78, 79, 82, 83, 85, 86, 88, 89, 90, 93, 94, 95, 102, 108, 109, 115, 116, 122, 123
128, 129, 130, 135, 136, 137, 138, 143, 144, 22, 150, 151, 152, 27, 29, 30, 36, 41, 42, 43, 44, 47, 48, 50, 51, 54, 55, 56, 57, 58, 61, 62, 69, 71, 76, 90, 101, 102, 103, 107, 108, 109, 110, 114, 115, 116, 117, 121, 122, 123, 124
